Column1,Column2,Column3
Samsung Galaxy S20 Ultra 5G Factory Unlocked New Android Cell Phone US Version | 128GB of Storage | Fingerprint ID and Facial Recognition | Long-Lasting Battery | US Warranty |Cosmic Gray,/gp/slredirect/picassoRedirect.html/ref=pa_sp_atf_aps_sr_pg1_1?ie=UTF8&adId=A03726682W29JKZJ029SV&url=%2FSamsung-Unlocked-Fingerprint-Recognition-Long-Lasting%2Fdp%2FB082XYGR2C%2Fref%3Dsr_1_1_sspa%3Fdchild%3D1%26keywords%3Dsamsung%2Bphones%26qid%3D1586007899%26sr%3D8-1-spons%26psc%3D1&qualifier=1586007898&id=1668609895312442&widgetName=sp_atf,"1,399
.
"
Samsung Galaxy A10e 32GB A102U GSM/CDMA Unlocked Phone - Black,/gp/slredirect/picassoRedirect.html/ref=pa_sp_atf_aps_sr_pg1_2?ie=UTF8&adId=A01320632VTOVFGFZXBDT&url=%2FSamsung-Galaxy-A102U-Unlocked-Phone%2Fdp%2FB07VXC97KS%2Fref%3Dsr_1_2_sspa%3Fdchild%3D1%26keywords%3Dsamsung%2Bphones%26qid%3D1586007899%26sr%3D8-2-spons%26psc%3D1&qualifier=1586007898&id=1668609895312442&widgetName=sp_atf,"179
.
"
"Samsung Galaxy A20 US Version Factory Unlocked Cell Phone with 32GB Memory, 6.4"" Screen, [SM-A205UZKAXAA], 12 Month Samsung US Warranty, GSM & CDMA Compatible, Black",/gp/slredirect/picassoRedirect.html/ref=pa_sp_mtf_aps_sr_pg1_1?ie=UTF8&adId=A0850313342A35DWPXVQZ&url=%2FSamsung-Unlocked-SM-A205UZKAXAA-Warranty-Compatible%2Fdp%2FB07VZL3L5V%2Fref%3Dsr_1_11_sspa%3Fdchild%3D1%26keywords%3Dsamsung%2Bphones%26qid%3D1586007899%26sr%3D8-11-spons%26psc%3D1&qualifier=1586007898&id=1668609895312442&widgetName=sp_mtf,"249
.
"
"Samsung Galaxy Note 10+ Plus Factory Unlocked Cell Phone with 256GB (U.S. Warranty), Aura Glow (Silver) Note10+",/gp/slredirect/picassoRedirect.html/ref=pa_sp_mtf_aps_sr_pg1_2?ie=UTF8&adId=A0393819MNODCYKNB4JY&url=%2FSamsung-Galaxy-Factory-Unlocked-Warranty%2Fdp%2FB07V3GXJM8%2Fref%3Dsr_1_12_sspa%3Fdchild%3D1%26keywords%3Dsamsung%2Bphones%26qid%3D1586007899%26sr%3D8-12-spons%26psc%3D1&qualifier=1586007898&id=1668609895312442&widgetName=sp_mtf,"949
.
"
Samsung Galaxy S10+ Plus Phone with 128GB - Prism Black,/gp/slredirect/picassoRedirect.html/ref=pa_sp_btf_aps_sr_pg1_1?ie=UTF8&adId=A02947971BW67B3GIIUL8&url=%2FSamsung-Galaxy-Factory-Unlocked-Warranty%2Fdp%2FB07N4L36H7%2Fref%3Dsr_1_21_sspa%3Fdchild%3D1%26keywords%3Dsamsung%2Bphones%26qid%3D1586007899%26sr%3D8-21-spons%26psc%3D1&qualifier=1586007898&id=1668609895312442&widgetName=sp_btf,"699
.
"
"Cell Phone UV Sanitizer, Portable UV Light Smart Phone Sterilizer Cleaner Aromatherapy Function Disinfector for iPhone Samsung Android Moblie Phone Toothbrush Salon Tools Jewelry Watches",/gp/slredirect/picassoRedirect.html/ref=pa_sp_btf_aps_sr_pg1_2?ie=UTF8&adId=A00663602RN0IP27XZ2JZ&url=%2FSanitizer-Sterilizer-Aromatherapy-Disinfector-Toothbrush%2Fdp%2FB085VZ6714%2Fref%3Dsr_1_22_sspa%3Fdchild%3D1%26keywords%3Dsamsung%2Bphones%26qid%3D1586007899%26sr%3D8-22-spons%26psc%3D1&qualifier=1586007898&id=1668609895312442&widgetName=sp_btf,"49
.
"
Samsung Galaxy S20 Ultra 5G Factory Unlocked New Android Cell Phone US Version | 128GB of Storage | Fingerprint ID and Facial Recognition | Long-Lasting Battery | US Warranty |Cosmic Black,/gp/slredirect/picassoRedirect.html/ref=pa_sp_atf_next_aps_sr_pg2_1?ie=UTF8&adId=A037248034LTTAYD68K1E&url=%2FSamsung-Unlocked-Fingerprint-Recognition-Long-Lasting%2Fdp%2FB082XY39M7%2Fref%3Dsr_1_17_sspa%3Fdchild%3D1%26keywords%3Dsamsung%2Bphones%26qid%3D1586008034%26sr%3D8-17-spons%26psc%3D1&qualifier=1586008034&id=6812665767343060&widgetName=sp_atf_next,"1,399
.
"
"Samsung Galaxy S10+ Plus Factory Unlocked Phone with 128GB (U.S. Warranty), Prism White - SM-G975UZWAXAA",/gp/slredirect/picassoRedirect.html/ref=pa_sp_atf_next_aps_sr_pg2_2?ie=UTF8&adId=A02946737WWWUHJ82JCF&url=%2FSamsung-Galaxy-Factory-Unlocked-Warranty%2Fdp%2FB07N4KCW4X%2Fref%3Dsr_1_18_sspa%3Fdchild%3D1%26keywords%3Dsamsung%2Bphones%26qid%3D1586008034%26sr%3D8-18-spons%26psc%3D1&qualifier=1586008034&id=6812665767343060&widgetName=sp_atf_next,"699
.
"
"Samsung Galaxy A50 US Version Factory Unlocked Cell Phone with 64GB Memory, 6.4"" Screen, Black, [SM-A505UZKNXAA]",/gp/slredirect/picassoRedirect.html/ref=pa_sp_mtf_aps_sr_pg2_1?ie=UTF8&adId=A03763402SLKYDO1WU885&url=%2FSamsung-Version-Factory-Unlocked-SM-A505UZKNXAA%2Fdp%2FB07VZL1W7K%2Fref%3Dsr_1_27_sspa%3Fdchild%3D1%26keywords%3Dsamsung%2Bphones%26qid%3D1586008034%26sr%3D8-27-spons%26psc%3D1&qualifier=1586008034&id=6812665767343060&widgetName=sp_mtf,"274
.
"
"Samsung Galaxy Note 10+ Plus Factory Unlocked Cell Phone with 256GB (U.S. Warranty), Aura White/ Note10+",/gp/slredirect/picassoRedirect.html/ref=pa_sp_mtf_aps_sr_pg2_2?ie=UTF8&adId=A03936633XLQJ90QIKRP&url=%2FSamsung-Galaxy-Factory-Unlocked-Warranty%2Fdp%2FB07V5KS95V%2Fref%3Dsr_1_28_sspa%3Fdchild%3D1%26keywords%3Dsamsung%2Bphones%26qid%3D1586008034%26sr%3D8-28-spons%26psc%3D1&qualifier=1586008034&id=6812665767343060&widgetName=sp_mtf,"949
.
"
"Charging Station 10 Ports USB Dock - 60W Multi-Port Stand Desktop Organizer with Built-in Retractable Cables Charges Multiple Devices for iPad, Samsung, Tablet, Kindle",/gp/slredirect/picassoRedirect.html/ref=pa_sp_btf_aps_sr_pg2_1?ie=UTF8&adId=A00324332NN4XQBJLQXX2&url=%2FCharging-Station-Ports-Dock-Built%2Fdp%2FB07ZPNV3N1%2Fref%3Dsr_1_37_sspa%3Fdchild%3D1%26keywords%3Dsamsung%2Bphones%26qid%3D1586008034%26sr%3D8-37-spons%26psc%3D1&qualifier=1586008034&id=6812665767343060&widgetName=sp_btf,"43
.
"
"Power Bank 26800mah Portable Charger with Dual Output and Dual Input,Battery Backup Portable Phone Charger with LCD Screen,Compact External Battery Pack for iPhone,Samsung Galaxy,ipad and More.",/gp/slredirect/picassoRedirect.html/ref=pa_sp_btf_aps_sr_pg2_2?ie=UTF8&adId=A049958012IVHA35C49Z2&url=%2F26800mah-Portable-Charger-Battery-External%2Fdp%2FB0823LTKL8%2Fref%3Dsr_1_38_sspa%3Fdchild%3D1%26keywords%3Dsamsung%2Bphones%26qid%3D1586008034%26sr%3D8-38-spons%26psc%3D1&qualifier=1586008034&id=6812665767343060&widgetName=sp_btf,"32
.
"
"Hiboost Cell Phone Signal Booster for Home & Office, Boosts 4G LTE Voice and Data for All U.S. Carriers - Verizon, T-Mobile, Sprint, AT&T| Up to 3,000 sq. ft. Cellular Repeater Amplifier Kits with APP",/gp/slredirect/picassoRedirect.html/ref=pa_sp_atf_next_aps_sr_pg3_1?ie=UTF8&adId=A08723943E7Z4YWHFUBGN&url=%2FHiboost-Signal-Booster-Office-Carriers%2Fdp%2FB07ZF88B1X%2Fref%3Dsr_1_33_sspa%3Fdchild%3D1%26keywords%3Dsamsung%2Bphones%26qid%3D1586008038%26sr%3D8-33-spons%26psc%3D1&qualifier=1586008038&id=1425121218588315&widgetName=sp_atf_next,"309
.
"
Caseology Padwell Qi-Certified Fast Wireless Charger - 10W for Android / 7.5W for iPhone - White,/gp/slredirect/picassoRedirect.html/ref=pa_sp_atf_next_aps_sr_pg3_2?ie=UTF8&adId=A046716812BF94TV7B56Q&url=%2FCaseology-Padwell-Qi-Certified-Wireless-Charger%2Fdp%2FB07CV5DHNH%2Fref%3Dsr_1_34_sspa%3Fdchild%3D1%26keywords%3Dsamsung%2Bphones%26qid%3D1586008038%26sr%3D8-34-spons%26psc%3D1&qualifier=1586008038&id=1425121218588315&widgetName=sp_atf_next,"10
.
"
Samsung Galaxy S20 5G Factory Unlocked New Android Cell Phone US Version | 128GB of Storage | Fingerprint ID and Facial Recognition | Long-Lasting Battery | US Warranty | Cloud Pink,/gp/slredirect/picassoRedirect.html/ref=pa_sp_mtf_aps_sr_pg3_1?ie=UTF8&adId=A02624101O0LQDM0YEYHP&url=%2FSamsung-Unlocked-Fingerprint-Recognition-Long-Lasting%2Fdp%2FB082XXQDJF%2Fref%3Dsr_1_43_sspa%3Fdchild%3D1%26keywords%3Dsamsung%2Bphones%26qid%3D1586008038%26sr%3D8-43-spons%26psc%3D1&qualifier=1586008038&id=1425121218588315&widgetName=sp_mtf,"799
.
"
"Samsung Galaxy S10+ Plus 128GB Smart Phone, Prism Blue",/gp/slredirect/picassoRedirect.html/ref=pa_sp_mtf_aps_sr_pg3_2?ie=UTF8&adId=A02867612KZ17121R3KHX&url=%2FSamsung-Galaxy-Factory-Unlocked-Warranty%2Fdp%2FB07N4M7F9Q%2Fref%3Dsr_1_44_sspa%3Fdchild%3D1%26keywords%3Dsamsung%2Bphones%26qid%3D1586008038%26sr%3D8-44-spons%26psc%3D1&qualifier=1586008038&id=1425121218588315&widgetName=sp_mtf,"699
.
"
"Samsung Galaxy Note 10+ Plus Factory Unlocked Cell Phone with 512GB (U.S. Warranty), Aura Black/ Note10+",/gp/slredirect/picassoRedirect.html/ref=pa_sp_btf_aps_sr_pg3_1?ie=UTF8&adId=A0393475KS7CEOZUEKTH&url=%2FSamsung-Galaxy-Factory-Unlocked-Warranty%2Fdp%2FB07V5KS95Y%2Fref%3Dsr_1_53_sspa%3Fdchild%3D1%26keywords%3Dsamsung%2Bphones%26qid%3D1586008038%26sr%3D8-53-spons%26psc%3D1&qualifier=1586008038&id=1425121218588315&widgetName=sp_btf,"1,049
.
"
"Solar Charger,Soxono 16000mAh Solar Power Bank with Qi Wireless Charger and 2-USB Port Ultra Portable Phone Charger Power Bank External Battery Pack with 15 LEDs Flashlight for iPhone,iPad,Samsung",/gp/slredirect/picassoRedirect.html/ref=pa_sp_btf_aps_sr_pg3_2?ie=UTF8&adId=A04732971VQDXPWMTM125&url=%2F16000mAh-Wireless-Portable-External-Flashlight%2Fdp%2FB081NG6661%2Fref%3Dsr_1_54_sspa%3Fdchild%3D1%26keywords%3Dsamsung%2Bphones%26qid%3D1586008038%26sr%3D8-54-spons%26psc%3D1&qualifier=1586008038&id=1425121218588315&widgetName=sp_btf,"27
.
"
8'' Selfie Ring Light with Adjustable Tripod Stand - Upgraded Dimmable Camera Ring Light with Phone Holder for TikTok/YouTube/Live Stream/Makeup/Photography Compatible with iPhone Android Samsung,/gp/slredirect/picassoRedirect.html/ref=pa_sp_atf_next_aps_sr_pg4_1?ie=UTF8&adId=A089279630VSLMKO89LYU&url=%2FSelfie-Light-Adjustable-Tripod-Stand%2Fdp%2FB083988KK3%2Fref%3Dsr_1_49_sspa%3Fdchild%3D1%26keywords%3Dsamsung%2Bphones%26qid%3D1586008041%26sr%3D8-49-spons%26psc%3D1&qualifier=1586008041&id=5734135524656555&widgetName=sp_atf_next,"36
.
"
"Rydonair Car Wireless Charger Cup, Car Cup Holder Wireless Phone Charger with 5V 2.0A USB Charger and Type C Charger Compatible with iPhone, Samsung, etc.",/gp/slredirect/picassoRedirect.html/ref=pa_sp_atf_next_aps_sr_pg4_2?ie=UTF8&adId=A02010302GNHEOGBEX6WY&url=%2FRydonair-Wireless-Charger-Compatible-Samsung%2Fdp%2FB085T5F3YV%2Fref%3Dsr_1_50_sspa%3Fdchild%3D1%26keywords%3Dsamsung%2Bphones%26qid%3D1586008041%26sr%3D8-50-spons%26psc%3D1&qualifier=1586008041&id=5734135524656555&widgetName=sp_atf_next,"29
.
"
Samsung Galaxy S20 5G Factory Unlocked New Android Cell Phone US Version | 128GB of Storage | Fingerprint ID and Facial Recognition | Long-Lasting Battery | US Warranty |Cloud Blue,/gp/slredirect/picassoRedirect.html/ref=pa_sp_mtf_aps_sr_pg4_1?ie=UTF8&adId=A0262566AKI7H15QNLCL&url=%2FSamsung-Unlocked-Fingerprint-Recognition-Long-Lasting%2Fdp%2FB082XXKZRC%2Fref%3Dsr_1_59_sspa%3Fdchild%3D1%26keywords%3Dsamsung%2Bphones%26qid%3D1586008041%26sr%3D8-59-spons%26psc%3D1&qualifier=1586008041&id=5734135524656555&widgetName=sp_mtf,"799
.
"
"Samsung Galaxy S10e Factory Unlocked Phone with 256GB (U.S. Warranty), Prism Blue - SM-G970UZBEXAA",/gp/slredirect/picassoRedirect.html/ref=pa_sp_mtf_aps_sr_pg4_2?ie=UTF8&adId=A04035993L92SHC7LNLDV&url=%2FSamsung-Galaxy-Factory-Unlocked-Warranty%2Fdp%2FB07N4L36H2%2Fref%3Dsr_1_60_sspa%3Fdchild%3D1%26keywords%3Dsamsung%2Bphones%26qid%3D1586008041%26sr%3D8-60-spons%26psc%3D1&qualifier=1586008041&id=5734135524656555&widgetName=sp_mtf,"699
.
"
"Samsung Galaxy Note 10 Factory Unlocked Cell Phone with 256GB (U.S. Warranty), Aura White/ Note10",/gp/slredirect/picassoRedirect.html/ref=pa_sp_btf_aps_sr_pg4_1?ie=UTF8&adId=A08450892JXD3SY0APMFY&url=%2FSamsung-Galaxy-Factory-Unlocked-Warranty%2Fdp%2FB07V6NJWH7%2Fref%3Dsr_1_69_sspa%3Fdchild%3D1%26keywords%3Dsamsung%2Bphones%26qid%3D1586008041%26sr%3D8-69-spons%26psc%3D1&qualifier=1586008041&id=5734135524656555&widgetName=sp_btf,"799
.
"
CONGO 10 in 1 Clip on Cell Phone Lens Kit Wide Angle | Fisheye | Macro | Telephoto | Kaleidoscope | Flow|Star|Radial Filter Compatible with iPhone Samsung Most iOS & Android Smartphones,/gp/slredirect/picassoRedirect.html/ref=pa_sp_btf_aps_sr_pg4_2?ie=UTF8&adId=A00706103BAGP3KYSFOMC&url=%2FCONGO-Telephoto-Kaleidoscope-Compatible-Smartphones%2Fdp%2FB085FXQNVS%2Fref%3Dsr_1_70_sspa%3Fdchild%3D1%26keywords%3Dsamsung%2Bphones%26qid%3D1586008041%26sr%3D8-70-spons%26psc%3D1&qualifier=1586008041&id=5734135524656555&widgetName=sp_btf,"19
.
"
"Car Cup Holder Phone Mount Universal Adjustable Cradle Phone Holder for Car iPhone Xs/Max/X/XR/8/8 Plus,Samsung Note 9/ S10+/ S9/ S9+/ S8 by DALUZ",/gp/slredirect/picassoRedirect.html/ref=pa_sp_atf_next_aps_sr_pg5_1?ie=UTF8&adId=A040203617OQHPS9URV9C&url=%2FHolder-Universal-Adjustable-Samsung-DALUZ%2Fdp%2FB07NN7SRDD%2Fref%3Dsr_1_65_sspa%3Fdchild%3D1%26keywords%3Dsamsung%2Bphones%26qid%3D1586008045%26sr%3D8-65-spons%26psc%3D1&qualifier=1586008045&id=2550045147352125&widgetName=sp_atf_next,"15
.
"
"YW YUWISS Bluetooth Headset [36Hrs Playtime, 2 Batteries] Wireless Bluetooth Earpiece for Cell Phone Noise Canceling Car Earphones with Mic Compatible with iPhone Samsung Android (Upgraded Version)",/gp/slredirect/picassoRedirect.html/ref=pa_sp_atf_next_aps_sr_pg5_2?ie=UTF8&adId=A0770371SJ7HEA0ONADG&url=%2FYW-YUWISS-Bluetooth-Batteries-Compatible%2Fdp%2FB084SSWJ4Q%2Fref%3Dsr_1_66_sspa%3Fdchild%3D1%26keywords%3Dsamsung%2Bphones%26qid%3D1586008045%26sr%3D8-66-spons%26psc%3D1&qualifier=1586008045&id=2550045147352125&widgetName=sp_atf_next,"21
.
"
Samsung Galaxy S20+ Plus 5G Factory Unlocked New Android Cell Phone US Version | 128GB of Storage | Fingerprint ID and Facial Recognition | Long-Lasting Battery | US Warranty |Cosmic Black,/gp/slredirect/picassoRedirect.html/ref=pa_sp_mtf_aps_sr_pg5_1?ie=UTF8&adId=A0298253JOP304V3SBEW&url=%2FSamsung-Unlocked-Fingerprint-Recognition-Long-Lasting%2Fdp%2FB082XY6YYZ%2Fref%3Dsr_1_75_sspa%3Fdchild%3D1%26keywords%3Dsamsung%2Bphones%26qid%3D1586008045%26sr%3D8-75-spons%26psc%3D1&qualifier=1586008045&id=2550045147352125&widgetName=sp_mtf,"999
.
"
"Samsung Galaxy S10e Factory Unlocked Phone with 128GB (U.S. Warranty), Prism Blue",/gp/slredirect/picassoRedirect.html/ref=pa_sp_mtf_aps_sr_pg5_2?ie=UTF8&adId=A04037552PPRACDVV0MGJ&url=%2FSamsung-Galaxy-Factory-Unlocked-Warranty%2Fdp%2FB07N4PM7NK%2Fref%3Dsr_1_76_sspa%3Fdchild%3D1%26keywords%3Dsamsung%2Bphones%26qid%3D1586008045%26sr%3D8-76-spons%26psc%3D1&qualifier=1586008045&id=2550045147352125&widgetName=sp_mtf,"599
.
"
"Samsung Galaxy Note 10 Factory Unlocked Cell Phone with 256GB (U.S. Warranty), Aura Black/ Note10",/gp/slredirect/picassoRedirect.html/ref=pa_sp_btf_aps_sr_pg5_1?ie=UTF8&adId=A0844933QK43SLRXJIMY&url=%2FSamsung-Galaxy-Factory-Unlocked-Warranty%2Fdp%2FB07V5KSWXM%2Fref%3Dsr_1_85_sspa%3Fdchild%3D1%26keywords%3Dsamsung%2Bphones%26qid%3D1586008045%26sr%3D8-85-spons%26psc%3D1&qualifier=1586008045&id=2550045147352125&widgetName=sp_btf,"799
.
"
"iOttie Wireless Car Charger Auto Sense Qi Charging Automatic Clamping Dashboard Phone Mount for iPhone, Samsung Galaxy, Huawei, LG, Smartphones",/gp/slredirect/picassoRedirect.html/ref=pa_sp_btf_aps_sr_pg5_2?ie=UTF8&adId=A0298443VG1V8F4C0JYI&url=%2FiOttie-Automatic-Clamping-Dashboard-Smartphones%2Fdp%2FB07RBC21Z6%2Fref%3Dsr_1_86_sspa%3Fdchild%3D1%26keywords%3Dsamsung%2Bphones%26qid%3D1586008045%26sr%3D8-86-spons%26psc%3D1&qualifier=1586008045&id=2550045147352125&widgetName=sp_btf,"59
.
"
Link Dream Bluetooth Earpiece for Cell Phone Hands Free Wireless Headset Noise Cancelling Mic 24Hrs Talking 1440Hrs Standby Compatible with iPhone Samsung Android for Driver Trucker (2 Pack),/gp/slredirect/picassoRedirect.html/ref=pa_sp_atf_next_aps_sr_pg6_1?ie=UTF8&adId=A03253972UY0TDW7NT5KR&url=%2FLink-Dream-Bluetooth-Cancelling-Compatible%2Fdp%2FB07PJHFJG7%2Fref%3Dsr_1_81_sspa%3Fdchild%3D1%26keywords%3Dsamsung%2Bphones%26qid%3D1586008048%26sr%3D8-81-spons%26psc%3D1&qualifier=1586008048&id=1250830424423224&widgetName=sp_atf_next,"29
.
"
Universal Mobile Cell Phone Holder for Car Cup Holder by Attainable Tech (Short Neck) - Apple iPhone Mount Will Grip Phone with Case Plus Works with Other Brands Like Samsung Galaxy Note and Max,/gp/slredirect/picassoRedirect.html/ref=pa_sp_atf_next_aps_sr_pg6_2?ie=UTF8&adId=A0720341HQMEWOS6YCEI&url=%2FUniversal-Mobile-Holder-Attainable-Tech%2Fdp%2FB07SV5GLKK%2Fref%3Dsr_1_82_sspa%3Fdchild%3D1%26keywords%3Dsamsung%2Bphones%26qid%3D1586008048%26sr%3D8-82-spons%26psc%3D1&qualifier=1586008048&id=1250830424423224&widgetName=sp_atf_next,"19
.
"
Samsung Galaxy S20 5G Factory Unlocked New Android Cell Phone US Version | 128GB of Storage | Fingerprint ID and Facial Recognition | Long-Lasting Battery | US Warranty |Cosmic Gray,/gp/slredirect/picassoRedirect.html/ref=pa_sp_mtf_aps_sr_pg6_1?ie=UTF8&adId=A0262722411PRETUDS1&url=%2FSamsung-Unlocked-Fingerprint-Recognition-Long-Lasting%2Fdp%2FB082XY23D5%2Fref%3Dsr_1_91_sspa%3Fdchild%3D1%26keywords%3Dsamsung%2Bphones%26qid%3D1586008048%26sr%3D8-91-spons%26psc%3D1&qualifier=1586008048&id=1250830424423224&widgetName=sp_mtf,"799
.
"
"Samsung Galaxy S10e Factory Unlocked Phone with 128GB, (U.S. Warranty) - Prism White",/gp/slredirect/picassoRedirect.html/ref=pa_sp_mtf_aps_sr_pg6_2?ie=UTF8&adId=A04034191EIGSDYTMNP6M&url=%2FSamsung-Galaxy-Factory-Unlocked-Warranty%2Fdp%2FB07N4KD18Q%2Fref%3Dsr_1_92_sspa%3Fdchild%3D1%26keywords%3Dsamsung%2Bphones%26qid%3D1586008048%26sr%3D8-92-spons%26psc%3D1&qualifier=1586008048&id=1250830424423224&widgetName=sp_mtf,"598
.
"
"D DESSVON Galaxy S20 Case Glitter Black for Girl Women, Slim Full-Body Cover 2 in 1 Hybrid Hard PC & Soft TPU Rugged Bumper Shockproof Protective Phone Case for Samsung Galaxy S20, 6.2''",/gp/slredirect/picassoRedirect.html/ref=pa_sp_btf_aps_sr_pg6_1?ie=UTF8&adId=A007168929YS2TC43G9T9&url=%2FDESSVON-Glitter-Full-Body-Shockproof-Protective%2Fdp%2FB085MCYD1Z%2Fref%3Dsr_1_101_sspa%3Fdchild%3D1%26keywords%3Dsamsung%2Bphones%26qid%3D1586008048%26sr%3D8-101-spons%26psc%3D1&qualifier=1586008048&id=1250830424423224&widgetName=sp_btf,"10
.
"
Fada M2 True Wireless Earbuds Headphones Bluetooth 5.0 APTX HD Sound Noise Cancellation CVC 8.0 45Hr Play Auto Pairing Dual Speakers IPX6 Sweatproof Sport Headset Built in Mic,/gp/slredirect/picassoRedirect.html/ref=pa_sp_btf_aps_sr_pg6_2?ie=UTF8&adId=A1034264ZDS01RCK7DG3&url=%2FWireless-Headphones-Bluetooth-Cancellation-Sweatproof%2Fdp%2FB07ZNT78QJ%2Fref%3Dsr_1_102_sspa%3Fdchild%3D1%26keywords%3Dsamsung%2Bphones%26qid%3D1586008048%26sr%3D8-102-spons%26psc%3D1&qualifier=1586008048&id=1250830424423224&widgetName=sp_btf,"39
.
"
"Portable Charger 10000mAh, AINOPE LED Display One of The Smallest and Lightest 10000mAh External Battery, 2 USB Outputs External Battery Pack/Travel Power Bank/Phone Backup for iPhone Samsung and more",/gp/slredirect/picassoRedirect.html/ref=pa_sp_atf_next_aps_sr_pg7_1?ie=UTF8&adId=A0463271ZOT32OO5Y95D&url=%2FPortable-Charger-10000mAh-High-Speed-External%2Fdp%2FB07MCDT8FW%2Fref%3Dsr_1_97_sspa%3Fdchild%3D1%26keywords%3Dsamsung%2Bphones%26qid%3D1586008052%26sr%3D8-97-spons%26psc%3D1&qualifier=1586008052&id=6757018613358114&widgetName=sp_atf_next,"18
.
"
"HiBoost Travel 4G 2.0 Mobile Cell Phone Signal Booster Extender Amplifier for Car and Truck - Compatible with All Single Carrier for T&T, T-Mobile, Verizon, Sprint, Straight Talk, U.S. Cellular",/gp/slredirect/picassoRedirect.html/ref=pa_sp_atf_next_aps_sr_pg7_2?ie=UTF8&adId=A0628862NHD6CVJITSU1&url=%2FHiBoost-Travel-Booster-Extender-Amplifier%2Fdp%2FB08236JS84%2Fref%3Dsr_1_98_sspa%3Fdchild%3D1%26keywords%3Dsamsung%2Bphones%26qid%3D1586008052%26sr%3D8-98-spons%26psc%3D1%26smid%3DABRYIFFFSG3XJ&qualifier=1586008052&id=6757018613358114&widgetName=sp_atf_next,"399
.
"
Samsung Galaxy S20+ Plus 5G Factory Unlocked New Android Cell Phone US Version | 128GB of Storage | Fingerprint ID and Facial Recognition | Long-Lasting Battery | US Warranty |Cosmic Gray,/gp/slredirect/picassoRedirect.html/ref=pa_sp_mtf_aps_sr_pg7_1?ie=UTF8&adId=A02985654R41VEW876L4&url=%2FSamsung-Unlocked-Fingerprint-Recognition-Long-Lasting%2Fdp%2FB082XXZ5K3%2Fref%3Dsr_1_107_sspa%3Fdchild%3D1%26keywords%3Dsamsung%2Bphones%26qid%3D1586008052%26sr%3D8-107-spons%26psc%3D1&qualifier=1586008052&id=6757018613358114&widgetName=sp_mtf,"999
.
"
"Samsung Galaxy S10e Factory Unlocked Phone with 128GB, (U.S. Warranty) - Prism Black",/gp/slredirect/picassoRedirect.html/ref=pa_sp_mtf_aps_sr_pg7_2?ie=UTF8&adId=A0403475293OUER4OEN2W&url=%2FSamsung-Galaxy-Factory-Unlocked-Warranty%2Fdp%2FB07N4M495N%2Fref%3Dsr_1_108_sspa%3Fdchild%3D1%26keywords%3Dsamsung%2Bphones%26qid%3D1586008052%26sr%3D8-108-spons%26psc%3D1&qualifier=1586008052&id=6757018613358114&widgetName=sp_mtf,"599
.
"
UV Phone Sterilizer - RAXFLY UV Light Cell Phone Sanitizer Portable Aromatherapy Disinfector Compatible with iPhone Samsung Mobile Phone accessories/Toothbrush/Jewelry/Watches Cleaner Machine Box Case,/gp/slredirect/picassoRedirect.html/ref=pa_sp_btf_aps_sr_pg7_1?ie=UTF8&adId=A00250172R7WHJTZGM4ZC&url=%2FPhone-Sterilizer-Aromatherapy-Disinfector-accessories%2Fdp%2FB086C6XTM4%2Fref%3Dsr_1_117_sspa%3Fdchild%3D1%26keywords%3Dsamsung%2Bphones%26qid%3D1586008052%26sr%3D8-117-spons%26psc%3D1&qualifier=1586008052&id=6757018613358114&widgetName=sp_btf,"39
.
"
"Galaxy S9 Charger,Galaxy S8 Charger,for Samsung S8/S8plus/S9/S9plus/S10/S10plus/NOTE8/NOTE9/Note10/Note 10 pro USB C-Type Adaptive Fast Wall Charger [Includes: 1 Charging adapters +1C-Type Cables]",/gp/slredirect/picassoRedirect.html/ref=pa_sp_btf_aps_sr_pg7_2?ie=UTF8&adId=A06080052CGASZOG7XYR2&url=%2FGalaxy-Charger-Samsung-S10plus-Adaptive%2Fdp%2FB07YHKBMY6%2Fref%3Dsr_1_118_sspa%3Fdchild%3D1%26keywords%3Dsamsung%2Bphones%26qid%3D1586008052%26sr%3D8-118-spons%26psc%3D1&qualifier=1586008052&id=6757018613358114&widgetName=sp_btf,"8
.
"
Connect 4 in 1 Wireless Fast Charger Dock Station Apple Watch Airpods Apple Chargers for iPhone 11/11Pro/11Pro Max/XR/Xs/Xs Max/X/8/8Plus Samsung Galaxy Phones Plus Qualcomm Quick Charger 3 (White),/gp/slredirect/picassoRedirect.html/ref=pa_sp_atf_next_aps_sr_pg8_1?ie=UTF8&adId=A0763973GOEG7UJVJZMU&url=%2FConnect-Wireless-Charger-Chargers-Qualcomm%2Fdp%2FB084ZG9J9R%2Fref%3Dsr_1_113_sspa%3Fdchild%3D1%26keywords%3Dsamsung%2Bphones%26qid%3D1586008056%26sr%3D8-113-spons%26psc%3D1&qualifier=1586008056&id=5890506765098924&widgetName=sp_atf_next,"26
.
"
"Portable Charger 26800mAh Power Bank, Commercial Texture Design with Dual External Backup Batteries Cell Phone Charger 2 USB Ports Battery Pack for iPhone 11/Pro/Max/X/Xs, Samsung, Andriod and More",/gp/slredirect/picassoRedirect.html/ref=pa_sp_atf_next_aps_sr_pg8_2?ie=UTF8&adId=A02848611L3OOD6RT3WRS&url=%2FPortable-26800mAh-Commercial-External-Batteries%2Fdp%2FB07YSDKTBY%2Fref%3Dsr_1_114_sspa%3Fdchild%3D1%26keywords%3Dsamsung%2Bphones%26qid%3D1586008056%26sr%3D8-114-spons%26psc%3D1&qualifier=1586008056&id=5890506765098924&widgetName=sp_atf_next,"27
.
"
Samsung Galaxy S20+ Plus 5G Factory Unlocked New Android Cell Phone US Version | 128GB of Storage | Fingerprint ID and Facial Recognition | Long-Lasting Battery | US Warranty |Cloud Blue,/gp/slredirect/picassoRedirect.html/ref=pa_sp_mtf_aps_sr_pg8_1?ie=UTF8&adId=A02984092A5OYZRFSGIVL&url=%2FSamsung-Unlocked-Fingerprint-Recognition-Long-Lasting%2Fdp%2FB082XXR64G%2Fref%3Dsr_1_123_sspa%3Fdchild%3D1%26keywords%3Dsamsung%2Bphones%26qid%3D1586008056%26sr%3D8-123-spons%26psc%3D1&qualifier=1586008056&id=5890506765098924&widgetName=sp_mtf,"999
.
"
"Samsung Galaxy S10e Factory Unlocked Phone with 256GB (U.S. Warranty), Prism White",/gp/slredirect/picassoRedirect.html/ref=pa_sp_mtf_aps_sr_pg8_2?ie=UTF8&adId=A04032633H9QFXIQ5Y284&url=%2FSamsung-Galaxy-Factory-Unlocked-Warranty%2Fdp%2FB07N4PTH5K%2Fref%3Dsr_1_124_sspa%3Fdchild%3D1%26keywords%3Dsamsung%2Bphones%26qid%3D1586008056%26sr%3D8-124-spons%26psc%3D1&qualifier=1586008056&id=5890506765098924&widgetName=sp_mtf,"699
.
"
"ARTIX Bicycle Mount Phone Holder for Bike, Cradle Stand Features 360 Rotation Capability and Universal Clamp for iPhone/Android/Samsung/Nexus",/gp/slredirect/picassoRedirect.html/ref=pa_sp_btf_aps_sr_pg8_1?ie=UTF8&adId=A05413332KIOJSMODZ2P1&url=%2FARTIX-Features-Rotation-Capability-Universal%2Fdp%2FB06ZY17SKG%2Fref%3Dsr_1_133_sspa%3Fdchild%3D1%26keywords%3Dsamsung%2Bphones%26qid%3D1586008056%26sr%3D8-133-spons%26psc%3D1&qualifier=1586008056&id=5890506765098924&widgetName=sp_btf,"11
.
"
"Slydoc Cell Phone and Tablet Car Mount Compatible with iPhone, Samsung, Android, iPad mini",/gp/slredirect/picassoRedirect.html/ref=pa_sp_btf_aps_sr_pg8_2?ie=UTF8&adId=A04719962NRIFAHMCPO9R&url=%2FSlydoc-Tablet-Compatible-Samsung-Android%2Fdp%2FB07F66CPYF%2Fref%3Dsr_1_134_sspa%3Fdchild%3D1%26keywords%3Dsamsung%2Bphones%26qid%3D1586008056%26sr%3D8-134-spons%26psc%3D1&qualifier=1586008056&id=5890506765098924&widgetName=sp_btf,"14
.
"
"Salawat Galaxy S20 Plus Case, Slim PU Leather Vintage Shockproof Phone Case Cover Lightweight Soft TPU Bumper Hard PC Hybrid Protective Case for Samsung Galaxy S20 Plus 6.7inch 2020 (Dark Brown)",/gp/slredirect/picassoRedirect.html/ref=pa_sp_atf_next_aps_sr_pg9_1?ie=UTF8&adId=A05878932XD5YXOJLF5EV&url=%2FSalawat-Leather-Shockproof-Lightweight-Protective%2Fdp%2FB083SGDSWP%2Fref%3Dsr_1_129_sspa%3Fdchild%3D1%26keywords%3Dsamsung%2Bphones%26qid%3D1586008059%26sr%3D8-129-spons%26psc%3D1&qualifier=1586008059&id=6984524824559831&widgetName=sp_atf_next,"10
.
"
"Cell Phone Stand, Tablet Holder, SAIJI Height Adjustable Aluminum Stand Mount, Compatible with iPhone, Samsung Cell Phone, Tablet, iPad, Nintendo Switch, Kindle, Up to 10 Inch Screen (Black2)",/gp/slredirect/picassoRedirect.html/ref=pa_sp_atf_next_aps_sr_pg9_2?ie=UTF8&adId=A00931503E64241P4QBMP&url=%2FSAIJI-Adjustable-Aluminum-Compatible-Nintendo%2Fdp%2FB07P24XB3Q%2Fref%3Dsr_1_130_sspa%3Fdchild%3D1%26keywords%3Dsamsung%2Bphones%26qid%3D1586008059%26sr%3D8-130-spons%26psc%3D1&qualifier=1586008059&id=6984524824559831&widgetName=sp_atf_next,"13
.
"
Samsung Galaxy S20+ Plus 5G Factory Unlocked New Android Cell Phone US Version | 512GB of Storage | Fingerprint ID and Facial Recognition | Long-Lasting Battery | US Warranty |Cosmic Black,/gp/slredirect/picassoRedirect.html/ref=pa_sp_mtf_aps_sr_pg9_1?ie=UTF8&adId=A0298073385FF91T4QRF0&url=%2FSamsung-Unlocked-Fingerprint-Recognition-Long-Lasting%2Fdp%2FB082XY1YHJ%2Fref%3Dsr_1_139_sspa%3Fdchild%3D1%26keywords%3Dsamsung%2Bphones%26qid%3D1586008059%26sr%3D8-139-spons%26psc%3D1&qualifier=1586008059&id=6984524824559831&widgetName=sp_mtf,"1,149
.
"
"Samsung Galaxy S10+ Plus Factory Unlocked Phone with 128GB (U.S. Warranty), Flamingo Pink - SM-G975UZIAXAA",/gp/slredirect/picassoRedirect.html/ref=pa_sp_mtf_aps_sr_pg9_2?ie=UTF8&adId=A0294773307A4RXHG5OZ3&url=%2FSamsung-Factory-Unlocked-Warranty-Flamingo%2Fdp%2FB07NPJ3G2N%2Fref%3Dsr_1_140_sspa%3Fdchild%3D1%26keywords%3Dsamsung%2Bphones%26qid%3D1586008059%26sr%3D8-140-spons%26psc%3D1&qualifier=1586008059&id=6984524824559831&widgetName=sp_mtf,"699
.
"
"ARTIX Bicycle Mount Phone Holder for Bike, Cradle Stand Features 360 Rotation Capability and Universal Clamp for iPhone/Android/Samsung/Nexus",/gp/slredirect/picassoRedirect.html/ref=pa_sp_btf_aps_sr_pg9_1?ie=UTF8&adId=A05414893C5JNJFILR2KN&url=%2FARTIX-Features-Rotation-Capability-Universal%2Fdp%2FB06ZXQRGGJ%2Fref%3Dsr_1_149_sspa%3Fdchild%3D1%26keywords%3Dsamsung%2Bphones%26qid%3D1586008059%26sr%3D8-149-spons%26psc%3D1&qualifier=1586008059&id=6984524824559831&widgetName=sp_btf,"11
.
"
Humixx Wireless Earbuds，Bluetooth Headphones Magnetic In-ear Earbuds with Super HiFi Sound and 7 Hours Playtime Wireless Earphones(Black),/gp/slredirect/picassoRedirect.html/ref=pa_sp_btf_aps_sr_pg9_2?ie=UTF8&adId=A03584771YCSEN1ZDT9BN&url=%2FHumixx-Headphones-Bluetooth-Earphones-Travelling%2Fdp%2FB07H86KG38%2Fref%3Dsr_1_150_sspa%3Fdchild%3D1%26keywords%3Dsamsung%2Bphones%26qid%3D1586008059%26sr%3D8-150-spons%26psc%3D1&qualifier=1586008059&id=6984524824559831&widgetName=sp_btf,"16
.
"
"AMZLIFE Case for Samsung Galaxy S20 5G 6.2"", [Kickstand Feature] Luxury PU Leather Wallet Case Flip Folio Cover with [Card Slots] Pockets for Galaxy S20 5G 6.2 inch Black",/gp/slredirect/picassoRedirect.html/ref=pa_sp_atf_next_aps_sr_pg10_1?ie=UTF8&adId=A0276991209VUZN9NI7EG&url=%2FAMZLIFE-Samsung-Galaxy-S20-Kickstand%2Fdp%2FB084JPMZR6%2Fref%3Dsr_1_145_sspa%3Fdchild%3D1%26keywords%3Dsamsung%2Bphones%26qid%3D1586008063%26sr%3D8-145-spons%26psc%3D1&qualifier=1586008063&id=3741783553867462&widgetName=sp_atf_next,"11
.
"
NYSW World Best Thinnest Luxury Smart Watch Analog Atomic Fitness Activity Tracker Hybrid Black Smartwatch Reloj for Men Hombre Women Perpetual Calendar Smart Phone Link Feature: iPhone/Android,/gp/slredirect/picassoRedirect.html/ref=pa_sp_atf_next_aps_sr_pg10_2?ie=UTF8&adId=A00539392EF58OE5NDABZ&url=%2FNYSW-Smartwatch-Perpetual-Calendar-Notification%2Fdp%2FB07H2GCC3X%2Fref%3Dsr_1_146_sspa%3Fdchild%3D1%26keywords%3Dsamsung%2Bphones%26qid%3D1586008063%26sr%3D8-146-spons%26psc%3D1&qualifier=1586008063&id=3741783553867462&widgetName=sp_atf_next,"127
.
"
"Samsung Galaxy S10e Factory Unlocked Phone with 256GB (U.S. Warranty), Prism Black - SM-G970UZKEXAA",/gp/slredirect/picassoRedirect.html/ref=pa_sp_mtf_aps_sr_pg10_1?ie=UTF8&adId=A04035753G36IJPMHM2EH&url=%2FSamsung-Galaxy-Factory-Unlocked-Warranty%2Fdp%2FB07N4K1B2S%2Fref%3Dsr_1_155_sspa%3Fdchild%3D1%26keywords%3Dsamsung%2Bphones%26qid%3D1586008063%26sr%3D8-155-spons%26psc%3D1&qualifier=1586008063&id=3741783553867462&widgetName=sp_mtf,"699
.
"
"Universal Adhesive Wallet/ Card Holder , Credit Card Holder for Back of Phone Pocket 3M Adhesive Sticker Card Pouch Sleeve for iPhone/Samsung Galaxy and Most Smartphones (BUTTERFLY PURPLE)",/gp/slredirect/picassoRedirect.html/ref=pa_sp_mtf_aps_sr_pg10_2?ie=UTF8&adId=A003290912SL90QZVWIDU&url=%2FUniversal-Adhesive-Sticker-Smartphones-BUTTERFLY%2Fdp%2FB085MLSKBK%2Fref%3Dsr_1_156_sspa%3Fdchild%3D1%26keywords%3Dsamsung%2Bphones%26qid%3D1586008063%26sr%3D8-156-spons%26psc%3D1&qualifier=1586008063&id=3741783553867462&widgetName=sp_mtf,"9
.
"
"Salawat Galaxy S20 Case, Clear Galaxy S20 Case Cute Gradient Slim Phone Case Cover Reinforced TPU Bumper Shockproof Protective Case for Samsung Galaxy S20 6.2 Inch 2020 (Crystal Clear)",/gp/slredirect/picassoRedirect.html/ref=pa_sp_btf_aps_sr_pg10_1?ie=UTF8&adId=A060880026JD4XC0SS9L&url=%2FSalawat-Gradient-Reinforced-Shockproof-Protective%2Fdp%2FB083SCQH9Y%2Fref%3Dsr_1_165_sspa%3Fdchild%3D1%26keywords%3Dsamsung%2Bphones%26qid%3D1586008063%26sr%3D8-165-spons%26psc%3D1&qualifier=1586008063&id=3741783553867462&widgetName=sp_btf,"8
.
"
20mm Quick Release Band Compatible for Garmin Vivoactive 3 Vivomove HR Stainless Steel Mesh with Strong Magnetic Bracelet for Samsung Galaxy Watch 2 42mm Amazfit Bip and Other 20mm Smart Watch Bands,/gp/slredirect/picassoRedirect.html/ref=pa_sp_btf_aps_sr_pg10_2?ie=UTF8&adId=A0144062GQ3QP8ZDC3HM&url=%2FCompatible-Vivoactive-Vivomove-Stainless-Magnetic%2Fdp%2FB085M8QJBT%2Fref%3Dsr_1_166_sspa%3Fdchild%3D1%26keywords%3Dsamsung%2Bphones%26qid%3D1586008063%26sr%3D8-166-spons%26psc%3D1&qualifier=1586008063&id=3741783553867462&widgetName=sp_btf,"12
.
"
"AMZLIFE Case for Samsung Galaxy S20 5G 6.2"", [Kickstand Feature] Luxury PU Leather Wallet Case Flip Folio Cover with [Card Slots] Pockets for Galaxy S20 5G 6.2 inch Navy Blue",/gp/slredirect/picassoRedirect.html/ref=pa_sp_atf_next_aps_sr_pg11_1?ie=UTF8&adId=A02768034VRV1B2QXSAY&url=%2FAMZLIFE-Samsung-Kickstand-Feature-Leather%2Fdp%2FB084JTRVFL%2Fref%3Dsr_1_161_sspa%3Fdchild%3D1%26keywords%3Dsamsung%2Bphones%26qid%3D1586008066%26sr%3D8-161-spons%26psc%3D1&qualifier=1586008066&id=3552099809016329&widgetName=sp_atf_next,"11
.
"
"Solar Charger 25000mAh, Hiluckey Outdoor Portable Power Bank with 4 Solar Panels, Fast Charge External Battery Pack with Dual 2.1A Output USB Compatible with Smartphones, Tablets, etc. (Waterproof)",/gp/slredirect/picassoRedirect.html/ref=pa_sp_atf_next_aps_sr_pg11_2?ie=UTF8&adId=A08056983IAFE1AGE1WTZ&url=%2F25000mAh-Hiluckey-Compatible-Smartphones-Waterproof%2Fdp%2FB07FMFGGNR%2Fref%3Dsr_1_162_sspa%3Fdchild%3D1%26keywords%3Dsamsung%2Bphones%26qid%3D1586008066%26sr%3D8-162-spons%26psc%3D1&qualifier=1586008066&id=3552099809016329&widgetName=sp_atf_next,"46
.
"
Samsung Galaxy S10 Factory Unlocked Phone with 128GB - Prism Black,/gp/slredirect/picassoRedirect.html/ref=pa_sp_mtf_aps_sr_pg11_1?ie=UTF8&adId=A03358642UY12AI4XLVCF&url=%2FSamsung-Galaxy-Factory-Unlocked-Phone%2Fdp%2FB07N4M412B%2Fref%3Dsr_1_171_sspa%3Fdchild%3D1%26keywords%3Dsamsung%2Bphones%26qid%3D1586008066%26sr%3D8-171-spons%26psc%3D1&qualifier=1586008066&id=3552099809016329&widgetName=sp_mtf,"599
.
"
"MQOUNY Wireless Charger,2 in1 in 1 Wireless Charger Stand,Charging Station Compatible with iWatch Series 5/4/3/2/1,Fast Wireless Charger Compatible with iPhone 8/X/XR,Samsung S10 All Qi Phones(Black)",/gp/slredirect/picassoRedirect.html/ref=pa_sp_mtf_aps_sr_pg11_2?ie=UTF8&adId=A08469951DGEKGJ63CI2C&url=%2FMQOUNY-Wireless-Charging-Compatible-Black%2Fdp%2FB07T5L64PY%2Fref%3Dsr_1_172_sspa%3Fdchild%3D1%26keywords%3Dsamsung%2Bphones%26qid%3D1586008066%26sr%3D8-172-spons%26psc%3D1&qualifier=1586008066&id=3552099809016329&widgetName=sp_mtf,"26
.
"
"Salawat Galaxy S20 Case, Clear Galaxy S20 Case Cute Gradient Slim Phone Case Cover Reinforced TPU Bumper Shockproof Protective Case for Samsung Galaxy S20 6.2 Inch 2020 (Purple Blue)",/gp/slredirect/picassoRedirect.html/ref=pa_sp_btf_aps_sr_pg11_1?ie=UTF8&adId=A06087442AENP58IOWFJV&url=%2FSalawat-Gradient-Reinforced-Shockproof-Protective%2Fdp%2FB083SD81G6%2Fref%3Dsr_1_181_sspa%3Fdchild%3D1%26keywords%3Dsamsung%2Bphones%26qid%3D1586008066%26sr%3D8-181-spons%26psc%3D1&qualifier=1586008066&id=3552099809016329&widgetName=sp_btf,"8
.
"
"2 Packs Magnetic Earbud Headphones with Remote & Microphone, DaKuan in Ear Earphone Stereo Sound Noise Isolating Tangle Free for Smartphones, Laptops, Gaming, Fits All 3.5mm Interface Device",/gp/slredirect/picassoRedirect.html/ref=pa_sp_btf_aps_sr_pg11_2?ie=UTF8&adId=A0025392247PUPRP0B2JB&url=%2FHeadphones-Microphone-DaKuan-Isolating-Smartphones%2Fdp%2FB07LFDD1HS%2Fref%3Dsr_1_182_sspa%3Fdchild%3D1%26keywords%3Dsamsung%2Bphones%26qid%3D1586008066%26sr%3D8-182-spons%26psc%3D1&qualifier=1586008066&id=3552099809016329&widgetName=sp_btf,"9
.
"
NYSW World Best Thinnest Luxury Smart Watch Analog Atomic Fitness Activity Tracker Hybrid Black Smartwatch Reloj for Men Hombre Women Perpetual Calendar Phone Link Feature: iPhone/Android NY-MH-03-W,/gp/slredirect/picassoRedirect.html/ref=pa_sp_atf_next_aps_sr_pg12_1?ie=UTF8&adId=A0053327NZUVGD0IV8YU&url=%2FNYSW-Smartwatch-Perpetual-Notification-NY-MH-03-W%2Fdp%2FB07KT3SMJ8%2Fref%3Dsr_1_177_sspa%3Fdchild%3D1%26keywords%3Dsamsung%2Bphones%26qid%3D1586008070%26sr%3D8-177-spons%26psc%3D1&qualifier=1586008070&id=473924666722273&widgetName=sp_atf_next,"127
.
"
"ZMI Plugornot Zero Portable Charger 6700mAh with Dual USB Wall Charger, Foldable Plug and Quick Charge 3.0, Battery Pack for iPhone, iPad, Android, Samsung Galaxy and More",/gp/slredirect/picassoRedirect.html/ref=pa_sp_atf_next_aps_sr_pg12_2?ie=UTF8&adId=A05752091OR03ZYNFLPEM&url=%2FZMI-Plugornot-Portable-Charger-Foldable%2Fdp%2FB075TT5R9B%2Fref%3Dsr_1_178_sspa%3Fdchild%3D1%26keywords%3Dsamsung%2Bphones%26qid%3D1586008070%26sr%3D8-178-spons%26psc%3D1&qualifier=1586008070&id=473924666722273&widgetName=sp_atf_next,"18
.
"
"Samsung Galaxy S10+ Plus Factory Unlocked Phone with 1TB (U.S. Warranty), Ceramic Black",/gp/slredirect/picassoRedirect.html/ref=pa_sp_mtf_aps_sr_pg12_1?ie=UTF8&adId=A0287005ZZMYEK0EZLAE&url=%2FSamsung-Factory-Unlocked-Warranty-Ceramic%2Fdp%2FB07N4KSYT9%2Fref%3Dsr_1_187_sspa%3Fdchild%3D1%26keywords%3Dsamsung%2Bphones%26qid%3D1586008070%26sr%3D8-187-spons%26psc%3D1&qualifier=1586008070&id=473924666722273&widgetName=sp_mtf,"1,299
.
"
ArmadilloTek Vanguard Designed for Samsung Galaxy S20 Ultra Case (2020 Release) Military Grade Full-Body Rugged with Built-in Kickstand - Black,/gp/slredirect/picassoRedirect.html/ref=pa_sp_mtf_aps_sr_pg12_2?ie=UTF8&adId=A00185153DQVP4NUDE50O&url=%2FArmadilloTek-Vanguard-Designed-Full-Body-Kickstand%2Fdp%2FB082YJN9GH%2Fref%3Dsr_1_188_sspa%3Fdchild%3D1%26keywords%3Dsamsung%2Bphones%26qid%3D1586008070%26sr%3D8-188-spons%26psc%3D1&qualifier=1586008070&id=473924666722273&widgetName=sp_mtf,"18
.
"
"Universal Cell Phone Lanyard Holder, Silicone Neck Strap Smartphone Case for iPhone 11 Pro Max XS XR X 8 7 6S Plus Samsung Galaxy S10 S9 S8 Note 10 9 Pixel 3 XL, Phone Tie Series (Black)",/gp/slredirect/picassoRedirect.html/ref=pa_sp_btf_aps_sr_pg12_1?ie=UTF8&adId=A01711391FS279TMFZJJY&url=%2FUniversal-Lanyard-Silicone-Smartphone-Samsung%2Fdp%2FB07KVYS8P6%2Fref%3Dsr_1_197_sspa%3Fdchild%3D1%26keywords%3Dsamsung%2Bphones%26qid%3D1586008070%26sr%3D8-197-spons%26psc%3D1&qualifier=1586008070&id=473924666722273&widgetName=sp_btf,"14
.
"
"BENTOBEN for Galaxy S20 Case [Military Grade], Heavy Duty Rugged Shockproof Anti-Scratch Protective Cover Sturdy Rotatable Ring Kickstand Phone Case for Samsung Galaxy S20 5G (6.2"" 2020), Black",/gp/slredirect/picassoRedirect.html/ref=pa_sp_btf_aps_sr_pg12_2?ie=UTF8&adId=A06641983R1AVLNF8SF6N&url=%2FBENTOBEN-Shockproof-Anti-Scratch-Protective-Rotatable%2Fdp%2FB083PT4BKG%2Fref%3Dsr_1_198_sspa%3Fdchild%3D1%26keywords%3Dsamsung%2Bphones%26qid%3D1586008070%26sr%3D8-198-spons%26psc%3D1&qualifier=1586008070&id=473924666722273&widgetName=sp_btf,"12
.
"
Samsung Galaxy Note 10 Plus Case | Military Grade | 12ft. Drop Tested Protective Case | Kickstand | Wireless Charging | Compatible with Galaxy Note 10 Plus - Black,/gp/slredirect/picassoRedirect.html/ref=pa_sp_atf_next_aps_sr_pg13_1?ie=UTF8&adId=A01286708IBQL4WJUJAH&url=%2FMilitary-Protective-Kickstand-Wireless-Compatible%2Fdp%2FB082X9ZS43%2Fref%3Dsr_1_193_sspa%3Fdchild%3D1%26keywords%3Dsamsung%2Bphones%26qid%3D1586008074%26sr%3D8-193-spons%26psc%3D1&qualifier=1586008073&id=3685573263711400&widgetName=sp_atf_next,"13
.
"
"Galaxy A6 Case, Poetic Guardian [Scratch Resistant Back] [Built-in-Screen Protector] Full-Body Rugged Clear Hybrid Bumper Case for Samsung Galaxy A6 (2018) (Do not fit Galaxy A6 Plus) - Black",/gp/slredirect/picassoRedirect.html/ref=pa_sp_atf_next_aps_sr_pg13_2?ie=UTF8&adId=A0257162299EILVUYAS5C&url=%2FPoetic-Guardian-Resistant-Protector-Full-Body%2Fdp%2FB07HHFSB4J%2Fref%3Dsr_1_194_sspa%3Fdchild%3D1%26keywords%3Dsamsung%2Bphones%26qid%3D1586008074%26sr%3D8-194-spons%26psc%3D1%26smid%3DA1NM6DL7S92CZW&qualifier=1586008073&id=3685573263711400&widgetName=sp_atf_next,"12
.
"
"Samsung Galaxy S10+ Plus Factory Unlocked Phone with 1TB (U.S. Warranty), Ceramic White",/gp/slredirect/picassoRedirect.html/ref=pa_sp_mtf_aps_sr_pg13_1?ie=UTF8&adId=A02869171K2DQBAQ926UO&url=%2FSamsung-Factory-Unlocked-Warranty-Ceramic%2Fdp%2FB07N6XD9KV%2Fref%3Dsr_1_203_sspa%3Fdchild%3D1%26keywords%3Dsamsung%2Bphones%26qid%3D1586008074%26sr%3D8-203-spons%26psc%3D1&qualifier=1586008073&id=3685573263711400&widgetName=sp_mtf,"1,299
.
"
"SALAWAT Galaxy S20 Case, Slim PU Leather Vintage Shockproof Phone Case Cover Lightweight Soft TPU Bumper Hard PC Hybrid Protective Case for Samsung Galaxy S20 6.2inch 2020 (Dark Brown)",/gp/slredirect/picassoRedirect.html/ref=pa_sp_mtf_aps_sr_pg13_2?ie=UTF8&adId=A10365262YRIR19C5AGOE&url=%2FSALAWAT-Leather-Shockproof-Lightweight-Protective%2Fdp%2FB083SGB3CT%2Fref%3Dsr_1_204_sspa%3Fdchild%3D1%26keywords%3Dsamsung%2Bphones%26qid%3D1586008074%26sr%3D8-204-spons%26psc%3D1&qualifier=1586008073&id=3685573263711400&widgetName=sp_mtf,"10
.
"
"USB Charger Cube, Wall Charger Plug, Ailkin 4.8A 4-Muti Port USB Adapter Power Plug Charging Station Box Base Replacement for Phone 11 Pro Max/X/8/7, Pad, Samsung Phones and More USB Charging Block",/gp/slredirect/picassoRedirect.html/ref=pa_sp_btf_aps_sr_pg13_1?ie=UTF8&adId=A0131934WAPGZRLLHI6V&url=%2FCharger-Adapter-Charging-Station-Replacement%2Fdp%2FB08133MTN3%2Fref%3Dsr_1_213_sspa%3Fdchild%3D1%26keywords%3Dsamsung%2Bphones%26qid%3D1586008074%26sr%3D8-213-spons%26psc%3D1&qualifier=1586008073&id=3685573263711400&widgetName=sp_btf,"9
.
"
"Rydonair Car Wireless Charger with Airpods Charger, Car Cup Holder Wireless Phone Charger with 2 USB Ports Output 5V 2.0A Compatible with iPhone, Samsung, Airpods 1, Airpods 2, etc.",/gp/slredirect/picassoRedirect.html/ref=pa_sp_btf_aps_sr_pg13_2?ie=UTF8&adId=A0114352DUE9TQM6P37I&url=%2FRydonair-Wireless-Charger-Airpods-Compatible%2Fdp%2FB085T4WSGT%2Fref%3Dsr_1_214_sspa%3Fdchild%3D1%26keywords%3Dsamsung%2Bphones%26qid%3D1586008074%26sr%3D8-214-spons%26psc%3D1&qualifier=1586008073&id=3685573263711400&widgetName=sp_btf,"29
.
"
"Samsung S20 Case, Galaxy S20 Wallet Case, Fingic PU Leather Wallet Case 2 ID & Credit Cards Slots Holder Side Pocket Kickstand Feature Flip Case Cover for Samsung Galaxy S20 6.2 inch (2019) - Wine Red",/gp/slredirect/picassoRedirect.html/ref=pa_sp_atf_next_aps_sr_pg14_1?ie=UTF8&adId=A022236539SILGBK92FUR&url=%2FSamsung-Fingic-Leather-Kickstand-Feature%2Fdp%2FB083HZV5S7%2Fref%3Dsr_1_209_sspa%3Fdchild%3D1%26keywords%3Dsamsung%2Bphones%26qid%3D1586008077%26sr%3D8-209-spons%26psc%3D1&qualifier=1586008077&id=592610018797377&widgetName=sp_atf_next,"13
.
"
"Schnail Flash Series Samsung Galaxy S20 Ultra Slim Clear Case, [Metallic Electroplated Edges] [Anti-Scratch] Snug Fit Soft TPU Premium Cover - Aura Glow",/gp/slredirect/picassoRedirect.html/ref=pa_sp_atf_next_aps_sr_pg14_2?ie=UTF8&adId=A026630458PFBCGYKACX&url=%2FSchnail-Samsung-Metallic-Electroplated-Anti-Scratch%2Fdp%2FB083Q3DL6X%2Fref%3Dsr_1_210_sspa%3Fdchild%3D1%26keywords%3Dsamsung%2Bphones%26qid%3D1586008077%26sr%3D8-210-spons%26psc%3D1&qualifier=1586008077&id=592610018797377&widgetName=sp_atf_next,"10
.
"
"Samsung Galaxy S10 Factory Unlocked Phone with 128GB (U.S. Warranty), Prism Blue",/gp/slredirect/picassoRedirect.html/ref=pa_sp_mtf_aps_sr_pg14_1?ie=UTF8&adId=A03277283N690O4TM7BFQ&url=%2FSamsung-Galaxy-Factory-Unlocked-Warranty%2Fdp%2FB07N4GKMH8%2Fref%3Dsr_1_219_sspa%3Fdchild%3D1%26keywords%3Dsamsung%2Bphones%26qid%3D1586008077%26sr%3D8-219-spons%26psc%3D1&qualifier=1586008077&id=592610018797377&widgetName=sp_mtf,"599
.
"
UAG Samsung Galaxy S6 [5.1-inch Screen] Feather-Light Composite [Magma] Military Drop Tested Phone Case,/gp/slredirect/picassoRedirect.html/ref=pa_sp_mtf_aps_sr_pg14_2?ie=UTF8&adId=A038767213HON9586XWIY&url=%2FSamsung-5-1-inch-Feather-Light-Composite-Military%2Fdp%2FB016RVCHWE%2Fref%3Dsr_1_220_sspa%3Fdchild%3D1%26keywords%3Dsamsung%2Bphones%26qid%3D1586008077%26sr%3D8-220-spons%26psc%3D1%26smid%3DA3JXB2R7NDLA2C&qualifier=1586008077&id=592610018797377&widgetName=sp_mtf,"16
.
"
"D DESSVON Galaxy S20 Plus Case Glitter Black for Girl Women, Slim Full-Body Cover 2 in 1 Hybrid Hard PC & Soft TPU Rugged Bumper Shockproof Protective Phone Case for Samsung Galaxy S20+ Plus, 6.7''",/gp/slredirect/picassoRedirect.html/ref=pa_sp_btf_aps_sr_pg14_1?ie=UTF8&adId=A01201842A1H38WF3WYRU&url=%2FDESSVON-Glitter-Full-Body-Shockproof-Protective%2Fdp%2FB085MBN1QD%2Fref%3Dsr_1_229_sspa%3Fdchild%3D1%26keywords%3Dsamsung%2Bphones%26qid%3D1586008077%26sr%3D8-229-spons%26psc%3D1&qualifier=1586008077&id=592610018797377&widgetName=sp_btf,"10
.
"
"YOGRE Waterproof Case for Samsung Galaxy S20 Ultra (5G), Shockproof and Dustproof Safety Phone Case for S20 Ultra with Built-Screen and IP68 Underwater Protection, for S20 Ultra Case, 6.9’’",/gp/slredirect/picassoRedirect.html/ref=pa_sp_btf_aps_sr_pg14_2?ie=UTF8&adId=A08239453KYZKX7ASCL3L&url=%2FYOGRE-Waterproof-Shockproof-Built-Screen-Underwater%2Fdp%2FB085PZHVPH%2Fref%3Dsr_1_230_sspa%3Fdchild%3D1%26keywords%3Dsamsung%2Bphones%26qid%3D1586008077%26sr%3D8-230-spons%26psc%3D1&qualifier=1586008077&id=592610018797377&widgetName=sp_btf,"19
.
"
"ZMI PowerPack 10000mAh USB-C Fabric Power Bank USB PD Compatible with iPhone 11/11 Pro/11 Pro Max/X/XS/XS Max/XR, Pixel 1/2/3/3a/XL, Samsung Galaxy. Supports USB 2.0 Adapter Mode, Low Power Charging",/gp/slredirect/picassoRedirect.html/ref=pa_sp_atf_next_aps_sr_pg15_1?ie=UTF8&adId=A045264360VYNYHWTNIX&url=%2FZMI-PowerPack-Compatible-Supports-Charging%2Fdp%2FB07LG449M6%2Fref%3Dsr_1_225_sspa%3Fdchild%3D1%26keywords%3Dsamsung%2Bphones%26qid%3D1586008080%26sr%3D8-225-spons%26psc%3D1&qualifier=1586008080&id=5210221472361391&widgetName=sp_atf_next,"28
.
"
"Casetego Compatible Galaxy Note 10 Plus Case,Floral Three Layer Heavy Duty Hybrid Sturdy Armor Shockproof Full Body Protective Cover Case for Samsung Galaxy Note 10 Plus,Blue Flower",/gp/slredirect/picassoRedirect.html/ref=pa_sp_atf_next_aps_sr_pg15_2?ie=UTF8&adId=A03151152TSN71XI10MXM&url=%2FCasetego-Compatible-Shockproof-Protective-Samsung%2Fdp%2FB07VX2XTL3%2Fref%3Dsr_1_226_sspa%3Fdchild%3D1%26keywords%3Dsamsung%2Bphones%26qid%3D1586008080%26sr%3D8-226-spons%26psc%3D1&qualifier=1586008080&id=5210221472361391&widgetName=sp_atf_next,"10
.
"
"Samsung Galaxy S10 Factory Unlocked Phone with 128GB (U.S. Warranty), Flamingo Pink",/gp/slredirect/picassoRedirect.html/ref=pa_sp_mtf_aps_sr_pg15_1?ie=UTF8&adId=A033546413MQ16YVAQQ9T&url=%2FSamsung-Factory-Unlocked-Warranty-Flamingo%2Fdp%2FB07NPFHWM1%2Fref%3Dsr_1_235_sspa%3Fdchild%3D1%26keywords%3Dsamsung%2Bphones%26qid%3D1586008080%26sr%3D8-235-spons%26psc%3D1&qualifier=1586008080&id=5210221472361391&widgetName=sp_mtf,"599
.
"
"Wall Charger Plug, USB Charger Cube, Ailkin 3.1A 3-Muti Port USB Adapter Power Plug Charging Station Box Black Base Replacement for iPhone 11 Pro Max/X/8, Samsung Phones and More USB Charging Block",/gp/slredirect/picassoRedirect.html/ref=pa_sp_mtf_aps_sr_pg15_2?ie=UTF8&adId=A066675831BRE2RWCPZJV&url=%2FCharger-Adapter-Charging-Station-Replacement%2Fdp%2FB0823RQ1X9%2Fref%3Dsr_1_236_sspa%3Fdchild%3D1%26keywords%3Dsamsung%2Bphones%26qid%3D1586008080%26sr%3D8-236-spons%26psc%3D1&qualifier=1586008080&id=5210221472361391&widgetName=sp_mtf,"7
.
"
Caseology Film for Samsung Galaxy Note 10 Screen Protector (2019) - 2 Pack,/gp/slredirect/picassoRedirect.html/ref=pa_sp_btf_aps_sr_pg15_1?ie=UTF8&adId=A01199692IW25ZSWE759&url=%2FCaseology-Samsung-Galaxy-Screen-Protector%2Fdp%2FB07VXLY1PQ%2Fref%3Dsr_1_245_sspa%3Fdchild%3D1%26keywords%3Dsamsung%2Bphones%26qid%3D1586008080%26sr%3D8-245-spons%26psc%3D1&qualifier=1586008080&id=5210221472361391&widgetName=sp_btf,"8
.
"
ZMI USB PD Backup Battery & Hub for MacBook 2015/MacBook Pro 2016 or later/Pixelbook/Nintendo Switch/Pixel/iPhone 8 Fast Charge External Battery Pack Portable Charger Powerbank for iPhone/iPad/Samsung,/gp/slredirect/picassoRedirect.html/ref=pa_sp_btf_aps_sr_pg15_2?ie=UTF8&adId=A0163668MXIGN80TK7OX&url=%2FZMI-Pixelbook-Nintendo-External-Powerbank%2Fdp%2FB072BD98CM%2Fref%3Dsr_1_246_sspa%3Fdchild%3D1%26keywords%3Dsamsung%2Bphones%26qid%3D1586008080%26sr%3D8-246-spons%26psc%3D1&qualifier=1586008080&id=5210221472361391&widgetName=sp_btf,"68
.
"
"MOSNOVO Case for Galaxy S9, Shockproof TPU Bumper Slim Clear Case with Floral Design for Samsung Galaxy S9 Phone Case Cover - Lavender",/gp/slredirect/picassoRedirect.html/ref=pa_sp_atf_next_aps_sr_pg16_1?ie=UTF8&adId=A0914470TJ885VZRXXGG&url=%2FMOSNOVO-Galaxy-Shockproof-Bumper-Samsung%2Fdp%2FB07ZJHGJ6G%2Fref%3Dsr_1_241_sspa%3Fdchild%3D1%26keywords%3Dsamsung%2Bphones%26qid%3D1586008084%26sr%3D8-241-spons%26psc%3D1&qualifier=1586008084&id=1250230064562412&widgetName=sp_atf_next,"13
.
"
"Samsung Galaxy Note 10 Plus/10+ Case,Pierre Cardin Premium Genuine Cowhide Leather with New Slim Design Hard Back Thin Protection Cover for Galaxy Note 10 Plus/10+(6.8""),Black",/gp/slredirect/picassoRedirect.html/ref=pa_sp_atf_next_aps_sr_pg16_2?ie=UTF8&adId=A090973022T9MPK80JKOO&url=%2FSamsung-Pierre-Cardin-Premium-Protection%2Fdp%2FB07XBQWSY7%2Fref%3Dsr_1_242_sspa%3Fdchild%3D1%26keywords%3Dsamsung%2Bphones%26qid%3D1586008084%26sr%3D8-242-spons%26psc%3D1&qualifier=1586008084&id=1250230064562412&widgetName=sp_atf_next,"21
.
"
"Samsung Galaxy S10 Factory Unlocked Phone with 512GB (U.S. Warranty), Prism Blue",/gp/slredirect/picassoRedirect.html/ref=pa_sp_mtf_aps_sr_pg16_1?ie=UTF8&adId=A03357641EXWNNF528TUT&url=%2FSamsung-Galaxy-Factory-Unlocked-Warranty%2Fdp%2FB07N4MSLCK%2Fref%3Dsr_1_251_sspa%3Fdchild%3D1%26keywords%3Dsamsung%2Bphones%26qid%3D1586008084%26sr%3D8-251-spons%26psc%3D1&qualifier=1586008084&id=1250230064562412&widgetName=sp_mtf,"699
.
"
"LBell Portable Charger, 25000mAh Power Bank, 5.0A High-Speed 2 USB Ports with LED Flashlight Battery Pack, for iPhone iPad Samsung Huawei Android Tablet PSP Camera",/gp/slredirect/picassoRedirect.html/ref=pa_sp_mtf_aps_sr_pg16_2?ie=UTF8&adId=A103592536PJN0OBWTXKR&url=%2FPortable-Charger-25000mAh-High-Speed-Flashlight%2Fdp%2FB07VLMXZ5P%2Fref%3Dsr_1_252_sspa%3Fdchild%3D1%26keywords%3Dsamsung%2Bphones%26qid%3D1586008084%26sr%3D8-252-spons%26psc%3D1&qualifier=1586008084&id=1250230064562412&widgetName=sp_mtf,"25
.
"
Samsung Galaxy Note8 64GB Deepsea Blue - AT&T (Renewed),/gp/slredirect/picassoRedirect.html/ref=pa_sp_btf_aps_sr_pg16_1?ie=UTF8&adId=A00797682Y7CMFI7UG7KJ&url=%2FSamsung-Galaxy-Note8-64GB-Deepsea%2Fdp%2FB07DW49279%2Fref%3Dsr_1_261_sspa%3Fdchild%3D1%26keywords%3Dsamsung%2Bphones%26qid%3D1586008084%26sr%3D8-261-spons%26psc%3D1&qualifier=1586008084&id=1250230064562412&widgetName=sp_btf,"329
.
"
"ZMI PowerPack Aura 20000 mAh USB C PD Power Bank 27W Portable Charger Fast Charge iPhone 11, 11 Pro, 11 Pro Max, X, XS, XS Max, XR, 8, 8 Plus, iPad, Pixel 1/2/3/3a/XL, Samsung Galaxy, MacBook",/gp/slredirect/picassoRedirect.html/ref=pa_sp_btf_aps_sr_pg16_2?ie=UTF8&adId=A05473412A992SEKQ1OKG&url=%2FZMI-PowerPack-Aura-USB-C-Power%2Fdp%2FB07NJMTBQZ%2Fref%3Dsr_1_262_sspa%3Fdchild%3D1%26keywords%3Dsamsung%2Bphones%26qid%3D1586008084%26sr%3D8-262-spons%26psc%3D1&qualifier=1586008084&id=1250230064562412&widgetName=sp_btf,"35
.
"
Samsung Galaxy S9 Case | Shockproof | H9 Tempered Glass Back Protective Cover with Soft TPU Bumper | Scratch Resistant | Compatible with Samsung Galaxy S9 - Black,/gp/slredirect/picassoRedirect.html/ref=pa_sp_atf_next_aps_sr_pg17_1?ie=UTF8&adId=A06460213VJC4W80K9FTT&url=%2FShockproof-Tempered-Protective-Resistant-Compatible%2Fdp%2FB07XT5ZLRD%2Fref%3Dsr_1_257_sspa%3Fdchild%3D1%26keywords%3Dsamsung%2Bphones%26qid%3D1586008088%26sr%3D8-257-spons%26psc%3D1&qualifier=1586008087&id=7502377761603865&widgetName=sp_atf_next,"14
.
"
ASON Galaxy S10 Waterproof Case with Lanyard Dustproof Shockproof Full-Body Sealed Underwater Protective Cover Support Fingerprint ID Compatible for Samsung Galaxy S10 (Black),/gp/slredirect/picassoRedirect.html/ref=pa_sp_atf_next_aps_sr_pg17_2?ie=UTF8&adId=A08126781DF555UUWPXWF&url=%2FASON-Waterproof-Shockproof-Underwater-Fingerprint%2Fdp%2FB07Z3HMC8M%2Fref%3Dsr_1_258_sspa%3Fdchild%3D1%26keywords%3Dsamsung%2Bphones%26qid%3D1586008088%26sr%3D8-258-spons%26psc%3D1&qualifier=1586008087&id=7502377761603865&widgetName=sp_atf_next,"15
.
"
"Samsung Galaxy S10 Factory Unlocked Phone with 512GB (U.S. Warranty), Flamingo Pink",/gp/slredirect/picassoRedirect.html/ref=pa_sp_mtf_aps_sr_pg17_1?ie=UTF8&adId=A03353087G972TTKXMU7&url=%2FSamsung-Factory-Unlocked-Warranty-Flamingo%2Fdp%2FB07NPLWLFC%2Fref%3Dsr_1_267_sspa%3Fdchild%3D1%26keywords%3Dsamsung%2Bphones%26qid%3D1586008088%26sr%3D8-267-spons%26psc%3D1&qualifier=1586008087&id=7502377761603865&widgetName=sp_mtf,"849
.
"
"[2020 Upgraded] iPhone Wireless Charger, [Angle&Height Adjustable] LISEN Cell Phone Wireless Charging Stand, 10/7.5W Fast Wireless Charger for iPhone 11/Pro/Max/X/XR/XS Max, Galaxy Samsung S10/S9/S8",/gp/slredirect/picassoRedirect.html/ref=pa_sp_mtf_aps_sr_pg17_2?ie=UTF8&adId=A0643916180P3VF77EPMT&url=%2FUpgraded-Wireless-Adjustable-LISEN-Charging%2Fdp%2FB07ZVHD2M6%2Fref%3Dsr_1_268_sspa%3Fdchild%3D1%26keywords%3Dsamsung%2Bphones%26qid%3D1586008088%26sr%3D8-268-spons%26psc%3D1&qualifier=1586008087&id=7502377761603865&widgetName=sp_mtf,"22
.
"
